{
  "mean": [
    0.5661580484972739,
    0.5266469239238609,
    0.5125430717633347
  ],
  "std": [
    0.22515112252668207,
    0.221082607239249,
    0.2261785335039071
  ],
  "target_size": [
    64,
    64
  ],
  "split": "train"
}