{
  "mean": [
    0.578115161495697,
    0.5302008331695546,
    0.512236343716922
  ],
  "std": [
    0.2317656883160264,
    0.2260336996538109,
    0.23136265467422737
  ],
  "target_size": [
    64,
    64
  ],
  "split": "train"
}