{
  "mean": [
    0.566164723746535,
    0.5266573522028284,
    0.5125599909136743
  ],
  "std": [
    0.2251434080954296,
    0.22107335879286455,
    0.22617353828950776
  ],
  "target_size": [
    64,
    64
  ],
  "split": "train"
}