{
  "mean": [
    0.5661647237465338,
    0.5266573522028287,
    0.512559990913674
  ],
  "std": [
    0.22514340809543465,
    0.22107335879286732,
    0.2261735382895096
  ],
  "target_size": [
    64,
    64
  ],
  "split": "train"
}