{
  "mean": [
    0.578096300975697,
    0.5304275898676059,
    0.5125600692688043
  ],
  "std": [
    0.23175901975562338,
    0.22603067297929952,
    0.23130655948474205
  ],
  "target_size": [
    64,
    64
  ],
  "split": "train"
}