{
  "best_epoch": 20,
  "best_val_f1_macro": 0.6089749655785311,
  "test_loss": 1.7210802865091734,
  "test_acc": 0.6545615589016829,
  "test_f1_macro": 0.6118296405432669
}