{
  "mean": [
    0.5368643937226596,
    0.5368643937226596,
    0.5368643937226596
  ],
  "std": [
    0.21881686437048498,
    0.21881686437048498,
    0.21881686437048498
  ],
  "target_size": [
    64,
    64
  ],
  "split": "train"
}