{
  "mean": [
    0.5424803686950292,
    0.5424803686950292,
    0.5424803686950292
  ],
  "std": [
    0.22368174193797413,
    0.22368174193797413,
    0.22368174193797413
  ],
  "target_size": [
    64,
    64
  ],
  "split": "train"
}