{
  "mean": [
    0.5368643937226548,
    0.5368643937226548,
    0.5368643937226548
  ],
  "std": [
    0.21881686437050069,
    0.21881686437050069,
    0.21881686437050069
  ],
  "target_size": [
    64,
    64
  ],
  "split": "train"
}