{
  "mean": [
    0.5426446906981507,
    0.5426446906981507,
    0.5426446906981507
  ],
  "std": [
    0.22369591629278052,
    0.22369591629278052,
    0.22369591629278052
  ],
  "target_size": [
    64,
    64
  ],
  "split": "train"
}