{
  "mean": [
    0.5368543512595557,
    0.5368543512595557,
    0.5368543512595557
  ],
  "std": [
    0.21882473736325334,
    0.21882473736325334,
    0.21882473736325334
  ],
  "target_size": [
    64,
    64
  ],
  "split": "train"
}