{
  "mean": [
    0.5461214492863451,
    0.5461214492863451,
    0.5461214492863451
  ],
  "std": [
    0.22092840651221893,
    0.22092840651221893,
    0.22092840651221893
  ],
  "target_size": [
    64,
    64
  ]
}