{
  "mean": [
    0.5426432815921042,
    0.5426432815921042,
    0.5426432815921042
  ],
  "std": [
    0.22369546395232298,
    0.22369546395232298,
    0.22369546395232298
  ],
  "target_size": [
    64,
    64
  ]
}